IDENTIFIER,WCMC0_10_N,WCMC0_1_N,WCMC0_5_N,WCMC0_6_N,WCMC0_8_N,WCMC0_9_N,WCMC119_1_C,WCMC11_1_C,WCMC12_2_N,WCMC131_1_C,WCMC139_1_C,WCMC14_1_C,WCMC155_1_N,WCMC158_1_C,WCMC159_1_C,WCMC159_2_C,WCMC159_3_C,WCMC159_5_C,WCMC159_6_C,WCMC161_1_C,WCMC162_1_C,WCMC163_1_N,WCMC164_1_C,WCMC169_1_C,WCMC170_1_C,WCMC172_1_C,WCMC187_1_C,WCMC188_1_C,WCMC189_1_C,WCMC192_1_N,WCMC195_1_C,WCMC210_1_N,WCMC212_1_N,WCMC252_1_N,WCMC2_1_C,WCMC4240_1_N,WCMC4_1_C,WCMC59_1_C,WCMC63_1_C,WCMC7520_1_N,WCMC89_1_C,WCMC90_1_C,WCMC90_2_C,WCMC90_3_C,WCMC90_4_C,WCMC90_5_C,WCMC91_1_C,WCMC9_1_C,WCMC9_2_C
DLL3,67.592495571,28.092304161,64.516479541,57.611996241,42.827680331,73.324380381,3.441345391,2.968358885,9.55890251,3.087996885,3.235517282,3.072678959,3.038333997,3.217934712,3.217575884,2.968358885,3.109475301,3.066494669,2.968358885,3.437553898,3.014131418,3.032691611,3.249031914,3.048242043,3.0675693219999998,3.0389473000000002,3.035150315,4.892559149,3.0677212750000002,3.1475568330000003,3.0453494500000002,14.107755351000002,18.202776861,991.6377899510001,3.0674979230000003,179.29278755099998,3.6615760489999998,5.05013039,3.029313868,3.722922814,3.337310914,3.050664132,3.008240049,3.0266702580000002,2.968358885,3.224924534,4.576058247,2.968358885,3.086279637
FOLH1,2.279212908,2.8517494240000003,2.424217151,2.365258068,3.782594649,3.285119102,29.092232641000003,210.65595515099997,19.583051451,2.5809155969999997,65.41022628099999,9.852347308,5.7620061,19.962664851,11.684527509999999,22.258396210999997,44.556059291000004,36.846670291,10.092487892000001,39.291189751,92.142671941,29.397612531,2.475480298,3.554796869,3.460760563,66.540783371,55.634944321,168.869771851,68.503145901,2.610833105,340.847397951,2.273508025,2.411533886,2.872034891,92.484386391,2.295340652,143.815883951,50.988848331,27.468533340999997,97.495756541,294.71180385099996,2.583618817,2.597756586,3.017463633,4.564458913,2.622212705,40.893310691,254.74918695099996,15.520350101
Subtype,NEPC,NEPC,NEPC,NEPC,NEPC,NEPC,AdPC,AdPC,NEPC,AdPC,AdPC,AdPC,NEPC,AdPC,AdPC,AdPC,AdPC,AdPC,AdPC,AdPC,AdPC,NEPC,AdPC,AdPC,AdPC,AdPC,AdPC,AdPC,AdPC,NEPC,AdPC,NEPC,NEPC,NEPC,AdPC,NEPC,AdPC,AdPC,AdPC,NEPC,AdPC,AdPC,AdPC,AdPC,AdPC,AdPC,AdPC,AdPC,AdPC
